numeric_id,user_id,mention_freq,RT_freq,reply_freq
1214742430601187328,@army2pr,1830,1293,399
229313308,@armypr_news,1559,958,591
267243786,@WassanaNanuam,921,705,202
358491915,@1st_Army_Area,782,476,302
337604843,@weloverta,437,255,182
37950212,@ThaiPBS,436,253,179
1040252793339240448,@prayutofficial,347,211,129
199992361,@political_drama,346,279,40
1206467004338556929,@JuahuaHeadline,324,166,157
87732915,@SpringNews_TV,292,142,150
1212591967080574977,@Army4PR,276,149,101
980807795464220672,@FWPthailand,266,35,118
65314514,@MatichonOnline,253,129,113
86899675,@Thairath_News,229,115,108
53864669,@VoiceTVOfficial,227,105,112
1203162559353765891,@FCRMP02,216,161,55
735448052031361025,@boworn241,213,210,2
4711233222,@workpointnews,210,100,108
61995183,@ARMdhiravath,203,97,95
1136977159765934080,@Rorscha24745488,202,166,26
1054672708661723137,@teabhoky,174,119,47
1018482744207147008,@Piyabutr_FWP,174,43,107
1121682547652513792,@tanawatofficial,170,46,116
715916606,@Pannika_FWP,170,26,94
834243316233351169,@thestandardth,162,75,79
71fqNbaUiwCbBUFuJ6EfAKuw5FsDjoeacCywB+WAXc=,@71fqNbaUiwCbBUFuJ6EfAKuw5FsDjoeacCywB+WAXc=,159,144,9
1212598472857145345,@army3news,156,92,63
138726107,@a_veerayut,156,112,28
1009733238330281985,@wirojlak,137,30,89
1196284294282412037,@thaiarmyletter,137,135,2
92222661,@tigeryellowlive,136,109,25
51982918,@pookem,133,87,45
971024778730459136,@Thanathorn_FWP,124,24,64
1153215439553486848,@consernews1,123,50,69
50257835,@SSynicall,120,66,24
61760897,@iLawclub,113,49,60
1159383524505354240,@SMARTSSArmy,112,78,34
1209016973675253760,@3_INFANTRY_DIV,105,103,2
1877783624,@PPTVHD36,94,46,47
1209330189886353408,@siam1warriors,90,61,27
394850348,@Alitsarah,88,10,42
1101129316417454080,@AmDaengPrapi,88,48,40
1093807114617679872,@PPRP_Unofficial,77,12,34
64684234,@sinchaichao,75,50,24
1162013091833364480,@AmaratJeab,75,18,55
y7FapQRVE28Qruq6Q3+NLYWDi1RUptNhRk1eCGn7E5c=,@y7FapQRVE28Qruq6Q3+NLYWDi1RUptNhRk1eCGn7E5c=,74,74,0
1202923982200045568,@dayrajchanshare,69,31,35
1188724507432718336,@AFNCThailand,68,26,41
1114818760135696385,@kovitw1,67,20,41
1082182785501020160,@MaisonWanvipa,64,32,32
123907907,@Kunthida_FWP,63,25,18
1209331337636675584,@25th_MC_RTA,62,56,6
264608882,@TNAMCOT,62,38,14
63366677,@Unrulycat2511,60,16,42
20586159,@PostToday,60,30,30
211395583,@MorningNewsTV3,60,52,8
4013102233,@pakornwut,59,32,23
1013345393856282625,@Stikaluk,57,28,12
1167020856079343616,@TanwarinS,56,39,17
1156950089367035904,@DrNarumonP,55,47,7
132565532,@BTS_SkyTrain,55,30,17
19059272,@ktnewsonline,55,32,21
2294029646,@ThaiPBSNews,54,24,30
3799267579,@Nichada1998,51,38,5
1185594258738122752,@RedBuffaloFre,49,41,4
1122092474233581569,@WithPiyabutr,48,5,14
730993257400819712,@112233Demm,48,19,27
919935068365135873,@katchata_peat,47,28,15
1136225579202560000,@saliminyourarea,45,2,4
14093581,@klaikong,45,24,17
148271173,@fm91trafficpro,44,34,9
1203940848167047170,@saeplay1,44,25,19
1118893846983614464,@kasemsanmeethip,44,26,18
2694489102,@Bowz_Crazyz,43,15,25
3241492268,@TLHR2014,42,11,24
25802588,@pizad_sura,42,6,7
50916567,@NationTV22,41,26,15
1091362173459214337,@MatichonTV,41,9,32
49906316,@orange_n_peach,41,12,10
238488874,@taopiphop,40,22,16
10228272,@YouTube,39,0,0
ZRgrhPVDBDZN2A0qNCaOY2Iy3OK3tSnEpAdNzaskj1Q=,@ZRgrhPVDBDZN2A0qNCaOY2Iy3OK3tSnEpAdNzaskj1Q=,39,39,0
2564675461,@vnomenon,38,32,6
9594042,@mthai,38,27,9
43348550,@nuling,37,6,16
58219570,@johnwinyu,37,6,20
583447601,@MGROnlineLive,37,14,23
998509048273125376,@TheStandardPOP,36,31,5
730332919516958721,@thematterco,36,20,16
21539210,@Woodytalk,36,13,22
3121015171,@paritchi,35,15,20
1131070236248035328,@nuttha_FWP,34,23,8
237770028,@Hyunjin_Lovely,33,13,17
256904057,@INamKaa,33,16,13
149909321,@FightInProcess,33,6,19
1048106664929374208,@ssj_2475,32,4,11
1708706017,@mousey2355,31,7,6
2295769782,@pursue_309,30,0,0
1245690818179911680,@ThaiCovidCenter,30,25,5
24871506,@Kom_chad_luek,30,25,5
1143625912623104000,@WarmUp53234935,30,24,6
871007931835138049,@EJanNews,29,28,1
191505183,@aorwiki,29,8,14
106324785,@nnanews,28,27,1
3309484274,@rakthai477,28,9,19
892970007415541760,@PaddyPure,28,2,5
74736331,@Pongz_KT,28,0,0
234274515,@weeranan,28,9,9
r0m+1f+BAf8vzeHWPfu9BPAw6GsSvdvZUwcnq9oPA=,@r0m+1f+BAf8vzeHWPfu9BPAw6GsSvdvZUwcnq9oPA=,27,27,1
1085036527325859841,@taweechaibest,27,0,9
105560125,@Tenn1969,27,22,5
12425692,@suthichai,26,5,1
1376852185,@KhaosodEnglish,26,21,2
832547220931108865,@kandainthai,26,12,6
891577570054950913,@WorkpointShorts,25,16,9
901120409872900099,@hengsuaycountry,25,4,7
287629297,@grimmjow_j4eger,25,4,5
2668292330,@pran2844,25,3,22
15016766,@prachatai,25,5,15
64651853,@toyubomm,25,3,7
1129680824847048704,@Lucky64572567,25,1,5
55857071,@issarar,24,22,2
2226851126,@newtv_18,24,21,3
1208962258308493312,@bodindecha16,24,24,0
1094835427431768064,@fwpnpt,24,6,7
1542865891,@B1_wipa,24,4,2
1110432091395801088,@QdHUEEmbdmwLxdF,23,7,16
66038149,@Rang70,23,2,3
1190628683268018176,@realMaxzTirayut,23,14,9
2456387905,@TiaInw,23,9,13
999771323667632128,@iamToot789,23,12,11
2446544586,@Phyme_,22,3,4
1089773358722338816,@TipananOfficial,21,20,1
850355083703275521,@PantiwaCat,21,0,0
2242613616,@Stop_Dadjarit,21,5,13
1098211572994924545,@TheCatCoby,20,8,8
2923428150,@jomjai_konjing,20,3,8
1210046809747230720,@siharatdecho,20,16,2
23619878,@sirotek,20,7,12
1209032269857296385,@ArmyYamo302,20,12,8
2327592780,@my_JHLS,19,2,2
2529194724,@mongkhonaiam,19,6,11
3223215480,@pruetthigon,19,1,17
968067084369317888,@sudaratofficial,19,3,10
1021061222345584641,@IrPjo34498437,19,0,0
2519629339,@Sirawith_S,19,11,7
143688499,@pr_moph,18,12,6
624680123,@LGinlove,18,1,14
213533791,@Pichailive,18,2,15
1094801997012688896,@Pita_FWP,18,7,6
h1Ka4Wy3ASgvWFSkxbXGQhHUjGMDApsQ6JrSOoVtvy0=,@h1Ka4Wy3ASgvWFSkxbXGQhHUjGMDApsQ6JrSOoVtvy0=,18,17,1
1135887200,@Kea_New,17,16,1
145931392,@DailynewsTwit,17,13,4
1179791538689212416,@thanaaer1,17,14,1
788472458,@ChangeThailand,17,0,0
1205774669791428609,@FWPthailandBad,17,16,1
919533848332869632,@wethmon,17,7,0
1019882242414325761,@JHoungsub,17,14,1
107635564,@nationweekend,16,11,5
729291120484581376,@Stone_nayouung,16,7,8
448161711,@chernorris,16,7,9
885042838941175811,@PMDUThailand,16,10,6
1098887750692921344,@TheMettad,16,6,8
740906374549274636,@seawonn,16,2,2
974499559056424960,@CSDThailand,15,12,3
3315676758,@pizad_sunak,15,5,2
1116610214965334016,@thereportersth,15,9,6
1103481796321107968,@geckocooking,15,12,3
1159025486929879040,@Bench_BenchaFWP,15,4,9
ZvRUm7WNz8CDKY3GQvE3X7FXwMHAv34qJ353Tf3aBA=,@ZvRUm7WNz8CDKY3GQvE3X7FXwMHAv34qJ353Tf3aBA=,15,1,15
583857653,@shutup2557,15,6,8
1210390459370967041,@DrnewSuphanat,15,9,6
1477742143,@theseashore_,15,8,7
554918064,@AAmornsrisang,15,5,8
2616800226,@TV24Official,14,4,8
1100911424698671104,@lovegenprayut,14,8,6
359955132,@THarmharm,14,13,1
91053979,@js100radio,14,13,0
2479547882,@BrightTodayTh,14,9,5
117772853,@Teerapol_arm,14,4,9
1095840339699499013,@yanathicha_fwp,13,6,3
927867302166401024,@E_ake1978,13,12,0
925206827930763264,@naewna_news,13,0,0
1202918993398398977,@BcommanderTH,13,6,6
583457729,@sereepisuth,13,2,4
1021053276588978176,@cumkom,13,5,3
2471357414,@khunpreut,13,3,3
1050802507218268160,@the10face,13,0,2
2587365168,@Ku100Larn,13,10,3
1068169068492992512,@apad611,12,10,2
145574913,@cyugala,12,5,3
2551822080,@katsuraxnosora,12,5,7
704901440792354816,@Renrael__,12,0,0
987001212351361024,@MVDeepQuotes,12,12,0
1412712248,@MisterHeartz,12,8,4
2885672398,@ThaiRoyalFamily,12,11,1
273346147,@ZhentingLiu,12,4,4
1048718120376926208,@basementkaraok1,12,2,10
1026141870399713281,@elsiamth,12,8,4
1113299318188810240,@tskcytt,12,0,0
1202933904916639746,@Pli_dok_ok_pon,11,7,4
19141546,@thaipost,11,8,3
1115855015657140224,@ongpadipat,11,3,2
1080000870987649024,@VTalomsin,11,3,6
vb+LhxwPwUc6HIMuwuy9yk6sagFdDIkgu0KP4A9dkQ=,@vb+LhxwPwUc6HIMuwuy9yk6sagFdDIkgu0KP4A9dkQ=,11,11,0
1178126190,@iLawFX,11,4,6
2362163185,@prasitchai_k,11,3,8
1020168595307819008,@watanamuangsook,11,1,8
1116699085166145537,@sorkorlao,11,4,6
36295659,@HI_Silom,11,7,4
963431373016129537,@hllod5,11,10,1
108841828,@LastIFound,11,9,2
99681027,@vorachatMD,11,9,1
57832421,@yingcheep,10,3,4
1174983643971801088,@IsaanSopha,10,4,2
2678896735,@onenews31,10,6,4
998815271551827968,@Pachachoncyber,10,8,2
832059191359516674,@annpiyaa,10,0,0
3226842193,@aviknowledge,10,2,8
757426455420645377,@kanphak_mcot,10,5,5
856908850959482880,@netflixth,10,10,0
974248292874776576,@PMOC10,10,9,1
65871931,@Offchainon,10,7,3
279504575,@zenjournalist,10,0,5
20586159,@posttoday,10,0,30
ClCmHl0WM58m4a1lw6gTE0LyVqwEhqm869oHbczn8I=,@ClCmHl0WM58m4a1lw6gTE0LyVqwEhqm869oHbczn8I=,10,10,0
45H6lT4sIAQVwHSmuDvJBpBe3b9ZkWHd7yv3fsginzM=,@45H6lT4sIAQVwHSmuDvJBpBe3b9ZkWHd7yv3fsginzM=,10,10,0
1080340252990926848,@pluchanat,10,10,0
116141566,@Thai_Talk,10,5,5
1018119076516749312,@thaigov1,10,2,7
14301366,@kapookdotcom,10,6,3
69644672,@ittipatNationTV,9,4,5
64358426,@cuttolipta,9,8,1
1192015085134180352,@H39U9R4G07JLoQC,9,7,2
1158501559946244096,@jSYy59MGKgF0lnz,9,8,0
1222419379146510337,@THANAKR99521521,9,9,0
1214935490488492032,@1Vfv69XQ036vpxc,9,9,0
66301173,@P_WJ,9,4,4
417789913,@jidtakornBusaba,9,5,2
1204319952833925120,@narathon1982,9,9,0
IRwucJX8dZCC0DM+nQ+HJWMYn7wLYKXLCDEuWjh4SU=,@IRwucJX8dZCC0DM+nQ+HJWMYn7wLYKXLCDEuWjh4SU=,9,9,0
5Ma1yttR1L4XJsl39s0PkyFzjDcScnCoBne1R70Rxo=,@5Ma1yttR1L4XJsl39s0PkyFzjDcScnCoBne1R70Rxo=,9,9,0
258991716,@pipob69,9,3,6
75972047,@motorwars,9,5,4
1204323704278155265,@narathon0993,9,9,0
1094195233187745792,@MyLittleVoice3,9,1,3
934624639669514246,@quote_wiwata,9,3,6
181415330,@PheuThaiParty,9,0,0
1222396979445022720,@chaiCHANG11,9,9,0
1201113044979314688,@aadcprnews,9,9,0
996184938780155909,@hotlinepm_th,8,7,1
19526231,@Khongsak,8,8,0
42951974,@chaturon,8,3,5
999674169892552705,@Noknokoto1,8,6,2
146286258,@mr10052,8,4,2
2356556323,@Banaranamaprang,8,7,0
1095187912323358720,@OfficialJirat,8,0,8
123805296,@ivaderer,8,2,4
65350312,@prachachat,8,2,3
1011645998966247425,@VeryAngryKaa,8,4,4
GWASzSSfv9B1yN9Ao6rg1rvokWbsg2JKzb+ByPeDP8k=,@GWASzSSfv9B1yN9Ao6rg1rvokWbsg2JKzb+ByPeDP8k=,8,8,0
piztCgTNZI6rsEbkOGHvBjP2mUv1zVINGFdlmF4T8=,@piztCgTNZI6rsEbkOGHvBjP2mUv1zVINGFdlmF4T8=,8,8,0
377394968,@TheReaderThai,8,7,1
1291053752,@Aunlism,8,2,0
PAnd0YqZs8O55TEYWtEahbjJ11Yme1k+rBe0dZEU9Q8=,@PAnd0YqZs8O55TEYWtEahbjJ11Yme1k+rBe0dZEU9Q8=,8,8,0
9543462,@Fringer,7,1,2
1115939604132007936,@LukfahK,7,2,5
1082191418062303232,@pravinvongvuth,7,2,5
1153352547865788416,@tongshin_,7,0,7
918765210567032834,@Thaikorn1,7,4,3
1209015967008690176,@2929Yekg7q6EAvH,7,7,0
315615561,@cheewitgu,7,6,1
274441361,@siamrathonline,7,0,0
185747014,@phanitodafizzo,7,0,0
1212064594757177345,@zeeill,7,6,1
2514771818,@Sulovebossss,7,5,0
1544701849,@jawjrl,7,7,0
ejXhEmc73vUyxsDMVwmz8bfrQd0mTE0jAMAFlzZZ6L0=,@ejXhEmc73vUyxsDMVwmz8bfrQd0mTE0jAMAFlzZZ6L0=,7,4,3
f1X7uk5kCggfMIBJ7Shhdb75dkSplVjQSQ63Knmfs2Y=,@f1X7uk5kCggfMIBJ7Shhdb75dkSplVjQSQ63Knmfs2Y=,7,7,0
1223141855547707395,@PorGsab,7,7,0
1146362824605618176,@BeePunnakanta,7,3,1
1058339228143169536,@KanphongC,7,3,3
932114879850332161,@wNh1qrimDiSkTFW,7,1,6
1189475085641347072,@BlackstudentTH,7,0,4
2963637435,@matichonweekly,6,3,3
92531902,@LttlTCup,6,3,3
88240332,@phanasGook,6,1,5
1134677347825700864,@Nattacha_FWP,6,0,1
854613033166938113,@mybaby_bass,6,0,2
60231191,@Yanee_ThaiPBS,6,3,3
272860835,@Perfunn,6,6,0
1212550816747245569,@Tong77741,6,4,2
2959709370,@ctiipp,6,2,4
131098084,@Maiarale,6,3,0
i5een25nB1x29qNnvv5pRMv5r0xK2Jp9A9UrFtNBtFo=,@i5een25nB1x29qNnvv5pRMv5r0xK2Jp9A9UrFtNBtFo=,6,6,0
2315010763,@Thairath_TV,6,5,0
14181969,@moui,6,3,3
4781800940,@UnderbedDara,6,6,0
65319043,@news1005fm,6,2,3
906061083118510080,@parisjpt,6,3,3
66623777,@meVnus,6,1,3
5D5m7kUmuyEs+yq6qxazy5gz2evjQ40wJQRnfTP4Ayk=,@5D5m7kUmuyEs+yq6qxazy5gz2evjQ40wJQRnfTP4Ayk=,6,0,6
736382087763107840,@DnpReport,6,3,3
1109717872522125312,@Iminnie39,6,0,1
773751029456396292,@irichmillion,6,3,3
168750564,@wongnai,6,6,0
57300500,@KomsakAddams,6,2,4
167306817,@Ch3ThailandNews,6,3,3
747367167868309505,@themomentumco,6,3,3
143315526,@sunaibkk,6,0,5
1209009136521768960,@23regiment,6,6,0
2456232744,@Itsara_Th,6,6,0
1132677232307068928,@Cholnan,6,2,4
1134075064276606976,@suttawan_fwp,6,2,3
204758391,@GREEEEEEEEEEDD,6,2,4
874643354,@jittro,5,2,3
57277051,@teeratr,5,2,3
1000364309279522821,@KhaohomMeow,5,0,2
1133757109361758210,@steamythaitea,5,0,0
1282359530,@Sorathan_News,5,0,5
635328646,@actions34,5,5,0
182168448,@kidmakk,5,5,0
906903605294252032,@kiattisak_kris,5,4,1
1220215016684548096,@5_artillery5,5,4,1
926428152687185920,@oRing9957651248,5,1,2
1180141661768142848,@pokcy4,5,0,0
162430946,@jiimiiko,5,0,2
86241025,@nakhon224,5,0,0
34507480,@ArianaGrande,5,4,1
ZczSdkafT15FHhVyQ8iQAYmugCtFwsLU63fNvzovD94=,@ZczSdkafT15FHhVyQ8iQAYmugCtFwsLU63fNvzovD94=,5,5,0
1182834093572026368,@callmeging1906,5,4,1
905645078,@Birdious1,5,2,3
1006375442,@_Joon12Indy,5,2,3
955790740159832064,@AnusornOfficial,5,0,4
103668879,@tin434,5,3,2
1186671540831576064,@XKER2475,5,1,4
1093807114617679872,@PracharathSoBad,5,1,34
531458720,@kanwanich,5,0,0
725346784734679040,@kin9stillonmind,5,5,0
883324220905619456,@pastel_heartt,5,3,2
1106056312134094848,@D9dGdZj7MNR71Xk,5,5,0
1150704559649460224,@JWaretch,5,5,0
948448013210431488,@DRGroupTH,5,0,0
931427996723961857,@100088CWP,5,0,5
4234718431,@Panama_1703,5,1,4
1216999464113557504,@2DevDiv,5,5,0
1201730863035142144,@ThaiEnquirer,5,4,1
321399955,@ThaiArmedForce,5,2,1
2436789440,@Ch7HDNews,5,5,0
129446517,@teacherwarat,5,3,2
1121686512913928192,@callmeloverboii,5,2,2
1186420437258919936,@Vanidapijarini,5,0,6
68980519,@TNEWSTV,5,3,2
63380662,@RITT41,5,2,3
72235036,@NONpayakphan,5,1,1
285993399,@prd_official,4,4,0
511572263,@ToKyOBenZ,4,0,0
2532360218,@thaich8news,4,4,0
1110099731643056128,@prebple,4,0,2
1122715582938243073,@nmgfounder,4,0,4
463837813,@Pinny45,4,2,1
82867334,@jin_Ch3Thailand,4,2,2
754872220309032960,@InMyDiary96,4,1,3
840587104786632704,@effiefix,4,0,0
791996614059528192,@PenpornM12,4,2,1
1131118686134136832,@ParkCY_BP,4,1,3
1107682709189611520,@happyaliceee,4,0,3
148678287,@aom_prathana,4,4,0
1017359228250386432,@socialgirl2005,4,3,1
767718750359465984,@noirisaesthetic,4,0,7
859348698781827072,@jaomaecaption,4,4,0
345840402,@Citizen2600,4,1,3
60289128,@tumbler_p,4,2,2
64994079,@Thansettakij,4,2,2
90901060,@ThaksinsLife,4,2,2
1119978166582251520,@pdlulla,4,3,1
1213914227611619328,@Chaiwit64322275,4,0,4
886858202247159810,@ThaiNewsPix,4,4,0
988394306359541760,@DoctorEkk,4,2,2
1202804379419430912,@Teerayu15355656,4,0,4
2361192372,@tobedin,4,4,0
415590741,@petong_tk,4,0,0
223104875,@victoriia_x,4,0,3
237612401,@Bussarin_PPTV,4,0,4
947919157,@lovekasuma,4,2,2
325417766,@PravitR,4,1,2
4666487059,@gdh559,4,4,0
4119847693,@Xhansaknarin,4,0,1
17023417,@FirefoxChorme,4,3,1
303750533,@Yannaphon,4,2,2
407610788,@YouCastNoShadow,4,1,3
66811980,@genierecords,4,4,0
1125250028723814400,@kwonjiyongg2,4,0,1
61553631,@Ryn_writes,4,3,1
113415683,@RangsimanRome,4,1,1
733318070479900672,@Ramillah_Sierra,4,0,4
41390607,@notepleng,4,1,2
361098756,@isranews_agency,4,3,1
61776513,@isipatanama,4,0,0
778456660587057152,@nenongna,4,1,3
1125345020138086401,@BANKIVXCII,4,0,3
41284441,@Chu_OnlineNews,4,2,2
59980629,@iiDudes,4,2,2
1114062512398393350,@LAnutin,4,4,0
778257209427841024,@runrannnnn,4,0,0
16600625,@brian_the_lover,4,1,3
2306748188,@iSailom,4,1,2
156900124,@democratTH,4,2,2
80201870,@monamonmai,4,3,1
1743765402,@chetmaitree,4,2,1
1170957254209617922,@KhunCake90,4,0,1
2455833230,@sleeplessbkk,4,2,1
2cRbDgexgKXx4IgLxCZ23y74wxtpc2UbFGMXwrwItmY=,@2cRbDgexgKXx4IgLxCZ23y74wxtpc2UbFGMXwrwItmY=,4,4,0
272983396,@sanuukmn,4,1,3
1195955858246492160,@Kalaya_so,4,3,1
91172195,@knookker,4,2,2
707770685951578112,@ifiemlm_irsiawn,4,0,0
130491830,@Nalinee_OPLE,4,2,2
1005965704539934726,@djboych9,4,3,1
1209001621188792320,@13Artilleryudon,4,4,0
77154673,@icyremy,4,3,1
2995702326,@headachestencil,4,0,1
1081181245092950016,@LookkateChonth1,4,2,2
86658130,@bkksnow,4,1,3
877372973304369156,@LifefineLife,4,0,2
18592593,@kalanistan,4,2,2
r0m+1f+BAf8vzeHWPfu9BPAw6GsSvdvZUwcnq9oPA=,@LKaZ247iyNJ34gu,4,4,1
2886228103,@stevejark,3,1,2
4777217406,@FonzFonze,3,3,0
45515359,@yugioh2500,3,1,2
1038698413,@stephffart,3,0,0
1012174544163954688,@Mono29News,3,0,1
lU3LqKlXpm6Ab30XNDZSqTfPkGv8EjoIiknR1cq6O0Q=,@lU3LqKlXpm6Ab30XNDZSqTfPkGv8EjoIiknR1cq6O0Q=,3,0,3
YqjcfhDmrBj+bXi2Uhi5RYeEB9L8FY6aLoKPKjqg=,@YqjcfhDmrBj+bXi2Uhi5RYeEB9L8FY6aLoKPKjqg=,3,0,2
1154312647321329666,@YuttapongOffic1,3,0,0
2519507977,@watthanasan,3,2,1
2716179692,@GMM25Thailand,3,3,0
1326375108,@CoconutsBangkok,3,3,0
75189063,@SanookNews,3,1,2
86900426,@Thairath_Pol,3,1,2
23032702,@Sanook,3,2,0
1220387537702666240,@jJsuv0OAskeDKgl,3,0,3
509732599,@Sanisa_s,3,2,1
83321317,@pnvich,3,1,2
1162934702832930816,@545_415,3,1,2
213612447,@snopnatt,3,1,1
kvRHkv9On+A8aJi2D8Ht87VVMldTAqHajGvy80DPn0k=,@kvRHkv9On+A8aJi2D8Ht87VVMldTAqHajGvy80DPn0k=,3,0,3
15457437,@TonsTweetings,3,2,1
101177096,@chamnanxyz,3,1,2
74121455,@SEA_GLOBE,3,2,1
GUhO6JGKXqFhTgVWbUBuuXwcdxUxCt+pBRwlDnP70=,@GUhO6JGKXqFhTgVWbUBuuXwcdxUxCt+pBRwlDnP70=,3,1,2
95174410,@mechiimeben,3,0,0
1206167575832354818,@BananaL37244633,3,0,3
41366713,@masatha,3,2,1
598870841,@popnat1996,3,3,0
787325444961869825,@twinpole09,3,1,1
993550264635281408,@pangwangedn,3,2,1
559347269,@BrandBuffet,3,0,0
143688971,@pipoauh,3,0,0
1186902852263796736,@UnknownCitiz,3,1,2
90140131,@jaiiannss,3,1,0
148764351,@conandroid,3,2,0
58741133,@paisalvision,3,3,0
31382571,@fhso_,3,1,2
3319584571,@i_0847802405,3,2,1
287219102,@mind_one1,3,0,2
807878036183912448,@Tangky_zuveena,3,1,2
840933521585713152,@TanadejP,3,1,1
1097283547952345089,@ThamrongsakP,3,1,2
52452923,@deesakoo,3,2,1
2273857026,@mjenmana,3,2,1
2359236931,@dejdanaisupa,3,2,1
89655358,@TNAMCOTEnglish,3,2,1
1147807871846903808,@fgpjUVCj8qGih12,3,3,0
1134645062019604481,@WasanaWW,3,1,2
767718750359465984,@old_plot1996,3,0,7
1040426874646650880,@SupportTawan,3,0,3
244083955,@Red_Pussy,3,2,1
774951006572417024,@FJ8126,3,1,2
2237533399,@Su_radet,3,3,0
156691774,@meedeedada,3,0,0
3125338178,@pakkytnn24,3,1,1
61115015,@Fanatic_Pat,3,0,2
1095283462045556736,@Cherryberrii1,3,0,1
68903832,@pichai_online,3,2,1
6085812,@tpagon,3,1,2
2279354040,@nuch_naksung,3,3,0
944295581685465088,@naxumiii,3,0,2
804290314622013440,@apolojai28,3,0,2
850381694116835328,@nok293444,3,3,0
959592415781822465,@rxpxur6elf,3,1,2
59028840,@AIS_Thailand,3,3,0
2309234977,@IMeSayIt,3,3,0
1210368426457231360,@mahasakdiphols2,3,3,0
2814702264,@Pong_Manop,3,2,1
1011994706987737088,@thaiboys888,3,3,0
543585435,@Hook31_Thailand,3,1,2
97442866,@KK_Nation,3,0,0
1091223845946552320,@PprpBangkok,3,0,0
72221274,@samhuahin,3,2,1
2452920259,@Prachaya_Ice,3,2,1
801486428601319424,@historynearyou,3,3,0
1201400953024303104,@KShiniechi,3,1,2
198714960,@Psolemn,3,3,0
266545852,@Pui_TRnews,3,1,1
1206994553930055680,@artchara1999,3,0,2
1136450636415791104,@queenphuk,3,0,1
1199950973394767872,@AnimeSugoiTH,3,3,0
145610950,@hamzterzkub,3,2,1
3244788507,@natlamborghini1,3,1,1
1464635180,@hcumiiiiii,3,2,1
116399823,@AmFBO,3,3,0
1132377892942303232,@narokisme,3,0,2
53380876,@wongthanong,3,2,0
2524556089,@Israroguereport,3,0,0
849478406647533569,@PeacenewsThai,3,1,2
905248478,@narissarara,3,1,2
2589215221,@Nut_HS6OKJ,3,2,1
rsyTZunQSHD0wcGmbSadRR+9Eo70CSUGQ1uT5i0B+Sg=,@rsyTZunQSHD0wcGmbSadRR+9Eo70CSUGQ1uT5i0B+Sg=,3,3,0
948483001712693248,@ninekai666,3,2,1
1191540228495835136,@NutRuning,3,2,1
736116228,@boygkk285,3,0,0
61714472,@teeramon,3,1,2
280937615,@suchartonly,3,3,0
573299587,@GOT7Official,3,3,0
1226130208769527808,@7XaDo0PCr49ZwSU,3,2,1
1256012989,@Greanpeach,3,0,3
GvNdsRKUgUn8PM+1g2VoZO5LNPJHYHfnRcdIuS0gew=,@GvNdsRKUgUn8PM+1g2VoZO5LNPJHYHfnRcdIuS0gew=,3,2,1
597129119,@HS2_QRK5_s9,3,2,1
2914900639,@BUdonsuk,3,2,1
828157760399241216,@BOW9608,3,1,2
4807382006,@NapaphatJampa1,3,3,0
137117612,@nopporn90,3,2,1
16548023,@9GAG,3,3,0
933855598071787520,@RDPSCC_RTARF,3,3,0
829980817979957249,@the101_world,3,1,2
1226446060710588418,@CheNevermind,2,1,1
1212316028748750853,@love_ly_sky,2,1,1
1169981522738200576,@Udd76177345,2,0,0
789487783484108800,@jay_ttc,2,0,2
225375673,@Umairananayaya,2,1,1
1326163814,@YounaChann,2,1,1
979438900765601792,@_eyepoints,2,1,0
kbbg630BjClgskPpf97fVUcwk3dTbfGWGn69ix5I=,@kbbg630BjClgskPpf97fVUcwk3dTbfGWGn69ix5I=,2,2,0
1073602689286766592,@madmax68176958,2,0,2
236698155,@allthatxweedx,2,0,0
1159810090615992321,@nivimutti,2,1,1
1121390502178279424,@commonners,2,0,1
60575013,@mctok,2,0,0
949480119818579978,@milinng,2,0,2
930902404182065152,@bbigkachu,2,1,1
1098927573944299523,@madamkimdiary,2,1,1
1227083151802941440,@BYrBD3HEW3PLnju,2,1,1
1170927170199289857,@machim_nakorn,2,0,2
1114545336997933056,@yaowaluxx,2,0,0
841662201710571520,@netflixreviewTH,2,2,0
1178961081248571392,@world_ganja,2,2,0
702807853120167936,@Traffic_1197,2,2,0
303613983,@joe_black317,2,1,1
822135061910691841,@aek0401,2,0,2
724751034111778816,@narz_zey,2,1,1
9439602,@blognone,2,0,0
723902275953913857,@zoarr21,2,0,1
e5Bk+J2CFppYIswGtUWXlyN2VmezdWZwMZm2YSTdNjs=,@e5Bk+J2CFppYIswGtUWXlyN2VmezdWZwMZm2YSTdNjs=,2,0,2
216531294,@TwitterKorea,2,2,0
1040491263957430272,@jakaphathotmai1,2,2,0
853234610771185664,@nukhoodankmeow,2,1,1
118960546,@b969,2,1,1
878204370403250176,@ygofficialblink,2,0,0
596381628,@aim_theerarat,2,0,2
1098122344587882496,@BenPradit,2,1,1
973836784084897792,@__mynameisgam__,2,0,1
31382571,@fhanso_,2,1,2
62897660,@engelmei,2,0,0
90287425,@Bigbluelotus,2,1,1
821896295207956481,@okeybitchyaa,2,1,1
1115821391792824321,@BuaUsa,2,1,1
18933712,@noppatjak,2,0,2
4242077953,@busaya_mathelin,2,2,0
34713362,@business,2,0,0
1542002521,@myttium,2,1,1
277559976,@kamphaka,2,1,0
871670252181929986,@cinti0304,2,1,1
366987179,@jokowi,2,0,0
1201397180990251013,@kanokpon1756,2,0,2
14919804,@mybraceteeth,2,1,0
1968773239,@youcallmeels,2,1,1
60868574,@andra_ann,2,1,1
1141704027819823105,@30314__p,2,0,2
1062405218741043200,@electinth,2,1,1
1163480836642988032,@ol9UWZvv3CPTSQj,2,0,2
1098876467289542656,@chadchart_trip,2,0,2
120702097,@Byakuren29,2,1,1
962878932876849152,@WatsonsThailand,2,2,0
306098956,@verellie,2,1,1
15464511,@karnt,2,1,1
832479972837036033,@nowie39,2,2,0
1180421536747905024,@ooppp76955509,2,0,1
1014091626250100737,@mcXmrL,2,0,2
2665447087,@Vatanarak,2,0,0
1196284294282412037,@armyloveletter,2,2,2
4693698612,@lrlrlrlrlrs,2,1,1
1224159385590452226,@Apiwatza0782,2,1,1
12967962,@9tana,2,1,1
2918224284,@armdm2,2,0,1
3270584419,@nnnestz,2,1,1
92666409,@Callme_kang,2,1,1
1109280745,@CHOCOOLIIE,2,1,1
9791512,@mod_x,2,1,1
3192017035,@adaywithfreedom,2,1,1
1184652148610498560,@Engupit1,2,0,1
3144728653,@RapeePeTe,2,0,1
479575328,@IamSasdha,2,1,1
2271561451,@puthpianista,2,1,1
1136604342335623169,@h89xoI53Sz49BaP,2,0,2
1085918719815995392,@Pinksuga_me,2,1,1
36958020,@Kitti3Miti,2,1,1
63061180,@Ping_VoiceTV,2,0,0
808385002022965248,@quenxHN,2,2,0
1174966304547016704,@Ilkying_Genc,2,0,1
974956260574416897,@PhD_chem,2,0,0
473940023,@kommsone,2,1,1
68596545,@krupnan,2,2,0
1218057891040481280,@komkrichty,2,2,0
1057666363433529344,@ParasiteMovie,2,0,0
1157933211135041541,@PaoPhatthakorn,2,1,1
17919972,@taylorswift13,2,2,0
1061881758570795008,@taro_taylor,2,2,0
1219178276574261248,@teng_fwp,2,1,1
209175125,@inzakaew,2,0,2
776950503401885696,@PRodleang,2,1,1
53879771,@KoenDoens,2,0,0
172215677,@MThaiNews,2,1,1
963768232761999360,@RSuksrinual,2,0,1
77870937,@greentea_pt,2,1,1
252751061,@QuickTake,2,2,0
375409917,@thanyakorn_ton,2,0,0
140362783,@HTMLKE,2,0,2
1016475002932039681,@PwFanta,2,2,0
15082180,@prachatai_en,2,0,2
2832804458,@Halley_Peerapat,2,2,0
1140138846207614976,@prarmy2,2,0,0
296175273,@thaivivat,2,2,0
403444636,@isightme,2,1,1
46304874,@KornGoThailand,2,1,1
135841357,@IM_MadamE,2,1,1
180747828,@pui_tuangporn,2,2,0
993311629281411073,@sharp3311,2,0,2
2951611375,@kitti_dad,2,0,0
80330375,@RahTheBest,2,2,0
125040043,@knhomphing,2,1,1
59753837,@NochPH,2,0,1
2399378594,@Mono29TV,2,0,0
1137305645722394624,@NoLungNoKaLa,2,2,0
3316960524,@kristtps,2,2,0
1692742448,@saiyasasmith,2,1,1
127204571,@suebsak1,2,1,0
938404075,@hyggene,2,1,1
992046810335072256,@Kace2525,2,1,1
543890425,@satittrang1,2,2,0
NUaMjZryhC4ek9IOuboDQY0Xr5zAkBn6LyFDSpsbr6c=,@NUaMjZryhC4ek9IOuboDQY0Xr5zAkBn6LyFDSpsbr6c=,2,2,0
1188870466309509124,@Moomoo37521325,2,2,0
252951504,@NNOTVDAY,2,2,0
1220545978832285696,@NJuy84833286,2,0,0
1414898623,@hs3smg_c,2,1,1
934026709413675008,@suchaissucha,2,0,2
497004701,@KATELYNisViolet,2,1,1
1218032339596398592,@Noppado09398073,2,1,1
2608113666,@kru_tun,2,2,0
1274413638,@seeme55555,2,1,1
1678061454,@sfkkfs_,2,2,0
1211617923208368133,@kkrmtb33,2,2,0
998763704660344832,@Mark51295927,2,0,0
1063068009063841794,@PPPlingpling,2,1,1
884354744881356802,@standalone_amOK,2,1,1
99956119,@dark_neon,2,1,1
1135256517857251328,@JiangWei_TH,2,1,1
69550671,@redbamboo16,2,1,1
1109785234344566786,@PCockea,2,1,1
1160846803459137536,@JoxjoxDevil,2,1,1
18306107,@supinya,2,0,0
85799719,@MilanSLive,2,1,1
931681876166635521,@Nutt32723763,2,2,0
1157488270478991360,@NusraV,2,1,1
1195202587915538433,@stopscoldbigred,2,0,3
1110547617786675200,@ppppanddr_,2,1,1
1095161166349783042,@GunGun_Official,2,0,2
1166599562640973826,@Sujitrapanyasub,2,1,1
882146614218956800,@tom4vendetta,2,0,2
1022824315530633216,@Dom50670745,2,0,2
66123686,@futurista1984,2,1,1
2979181050,@tmb_bank,2,2,0
41085231,@peonypaloy,2,1,1
778825074933497856,@pepanicha,2,0,2
403102905,@khundeex,2,1,1
91057140,@khunjirayut,2,1,1
EGar47qB4JqlPG9y0ormxgmsqX9yqN4O7ZWT8pV80Xo=,@EGar47qB4JqlPG9y0ormxgmsqX9yqN4O7ZWT8pV80Xo=,2,2,0
1234940756,@Lucifel2_26,2,1,1
4324873994,@EakaratTkn,2,1,1
596299859,@somsakjeam,2,1,1
703084494,@TChinarka,2,1,1
2833794228,@Eng_afternoonz,2,1,1
573131059,@socialbook1,2,1,1
1216395618043564032,@labourFWPthai,2,1,1
1169918697953120256,@futurefestfwp,2,2,0
1101743775691358211,@ThaiFuturista,2,0,1
271751530,@gowon_zabnoor,2,1,1
1583296682,@Diarypic_,2,2,0
1180773589793959936,@Tip95150075,2,1,1
246732751,@LakanaSmartNews,2,2,0
1180560555657986048,@CoatPoch,2,0,2
892353430362112000,@sltrxx,2,1,1
803654504407146496,@letstalkaboutKR,2,1,1
1007678836589264896,@pbjandbi321,2,0,0
4912566457,@CrazyRichTH,2,0,2
pdEinROr22D8TI1rKzmSmUK69LBxHJ57Vp65qDwQ5g=,@pdEinROr22D8TI1rKzmSmUK69LBxHJ57Vp65qDwQ5g=,2,2,0
3238300216,@peacetvnews,2,0,0
3180842006,@lee_590275,2,2,0
1206906518181859328,@tororpor,2,1,1
146286258,@iamio2020,2,2,2
3843447373,@LoLohasashield,2,0,2
1195202587915538433,@friendofniranam,2,1,3
854516778390568960,@ThaiPBS_Radio,2,2,0
181425925,@phoom91,2,0,2
1004609778922881025,@MoremoveN,2,1,1
995127511850795008,@FLIPER791,2,1,1
12119732,@Rosie_Spokedark,2,0,2
1157947344169472003,@politic_on,2,1,1
866969151771877376,@KruPMui,2,2,0
67507531,@GMMTV,2,1,0
1179582823507693568,@SRimping,2,2,0
1225091006346825728,@pongnawat,2,0,1
91946403,@SBS8news,2,0,0
1064304832868081664,@sonneundmonde,2,0,2
1073786493775228930,@Rittiaugsorn,2,0,2
1043679201029550080,@Saioop2000,2,0,2
4130000479,@ReviewCMU,2,1,0
422177951,@Red_Buffalow,2,1,1
968362230214520833,@RedSkullxxx,2,1,1
142595968,@silvenia,2,1,1
1198468991116697601,@potential_is,2,1,1
ReKBLAGqaha+U3sgG1eYjm9cjwpFjfTHiOJtH19q+E=,@ReKBLAGqaha+U3sgG1eYjm9cjwpFjfTHiOJtH19q+E=,2,2,0
69231423,@pppickuricman,2,1,1
73055296,@kwanjaa,2,1,1
1529628366,@SaraUpdate,2,1,1
62283325,@phumtham,2,2,0
913862544434937856,@SardineSaya,2,1,1
1115264869450649601,@Fansamkok,2,0,2
70139252,@Fiatopichan,2,0,0
1142465193563185152,@SoponSoponwich,2,0,0
830934954,@piradasomsak,2,0,0
807423263022272512,@Luv_freedom4454,2,0,2
146902625,@piyatuk,2,1,1
830434249,@LuvluvHKS,2,2,0
1116210780561530881,@FrancoSmart1,2,2,0
323085549,@songkietchartwa,2,1,1
53449562,@Fucking_Hero,2,2,0
1217104357977575425,@KuGayc0f6Fd3FnR,2,0,2
303062326,@plariex,2,1,1
387532334,@gigkagigka,2,1,0
928486938213990400,@konthai2511,1,1,0
988582027,@mdthna8,1,1,0
94350900,@mayamaynie,1,1,0
931035371546165248,@korat_police,1,0,0
145946193,@lilmaddest,1,1,0
52740328,@korbsak,1,1,0
14230524,@ladygaga,1,1,0
3004861622,@kuntida06,1,0,1
98445916,@m4temate,1,0,1
1012082554973782016,@kxy9190,1,1,0
358271826,@kathnong,1,0,1
836038252591095808,@lovingpalit,1,1,0
161543105,@loving_friday,1,0,0
21447363,@katyperry,1,1,0
1202844840968343553,@maplemp4,1,0,1
1152260462152568832,@lalunlana,1,1,0
3876725112,@laotianyeyouyan,1,1,0
548291884,@lovechujaiiii,1,0,1
214969391,@kfcth,1,1,0
1133757109361758210,@letthemeatrice,1,0,0
952592932091060224,@kendo_reporter,1,0,1
1123223466293862401,@kunkonlek1,1,0,1
2465939028,@kungkingsr,1,0,1
754869667999522817,@ktae_kv,1,0,1
72243304,@lokklom,1,1,0
985519988625719296,@krutewly,1,0,1
546689881,@kim_befu,1,0,1
149805948,@maimng,1,1,0
862245758505857025,@maleficent_pitt,1,1,0
1510523581,@mama_lie,1,0,0
712316365,@kiwtum,1,1,0
1164046996543438848,@mameeshop_,1,0,1
234766955,@mangosteentk,1,0,1
1048992808688730112,@kanwaela,1,1,0
165334942,@krtin025,1,0,1
4241536392,@krnsx19,1,0,1
206539781,@manutfankow,1,0,1
3425738052,@krist_est,1,0,0
980488767818448896,@kscps1,1,0,1
1099730141654147072,@007Unbelievable,1,0,1
4527162614,@meicumkom,1,1,0
69632363,@the_mez,1,1,0
146446408,@spdtny,1,1,0
80870019,@spywarey,1,0,1
1195202587915538433,@stupidPMTH,1,0,3
963367267940540427,@suchart328,1,0,0
9139302,@sugree,1,0,1
576630498,@supazziii,1,1,0
1048769093841477632,@supportFWP,1,0,1
1199015561721602052,@taehyun_JY,1,1,0
162330168,@takkyx,1,0,1
872131810263678976,@tal6363,1,0,1
704279594258419712,@talok6chakwp,1,1,0
1082257936141844481,@teaofficial2017,1,1,0
235394634,@ter_nawapol,1,1,0
1129029861174120448,@thaidansker,1,1,0
1209024400651014145,@thaiprong,1,1,0
920346220215746561,@thananya6983,1,1,0
106107863,@thapanee3miti,1,0,1
935145826069786625,@southsideguyzs,1,0,1
1100404981985734657,@somphonglovei,1,0,1
1134858210039386114,@sleppycat6,1,1,0
895527120,@sattha7774,1,1,0
s1eSSy797Nenm1FSc39zTeZ1+GaMl15NTdX3EHlojU=,@s1eSSy797Nenm1FSc39zTeZ1+GaMl15NTdX3EHlojU=,1,1,0
1444287726,@sailom_soi8,1,1,0
23032702,@sanook,1,0,0
893065661949157376,@sansanee_pw,1,0,1
395114375,@sansani23,1,1,0
2489913008,@santi_sister97,1,1,0
910357662939918336,@sasidiary,1,1,0
1122388388751925248,@savethailay,1,1,0
936808277639180294,@sky_blueks,1,0,1
1196356358469062657,@sbwtJbpjjEvDMr5,1,0,1
1196895040703909888,@sebastian_ryde,1,0,0
4653636726,@sekretnot,1,1,0
194113392,@seree_news,1,0,1
925935602536652800,@sevenheartjb,1,1,0
1053985169420369926,@sidhilak,1,0,1
3254617393,@singhdum,1,1,0
18355910,@thatguypeng,1,1,0
121131207,@theamwaysu,1,0,1
91407171,@metinydluffy,1,0,1
3162305666,@thektnjean,1,0,1
830675674683674624,@whatupth,1,0,0
1031834639600472064,@wildwild888,1,0,1
792386594745360385,@wip_creamm,1,0,1
1226898439402708993,@wtfismycountry,1,0,1
3149673026,@xbaifernx,1,1,0
1122436381005897728,@xxxcpxv,1,1,0
1102230184328015873,@yC3Uyqy4yeHsZcq,1,0,1
879535458199392257,@yedx18com,1,1,0
88673152,@yingsakjj,1,1,0
564314939,@ymtofficial_,1,0,1
1015445060538720257,@yoongifire_,1,1,0
1228636766766157825,@yourqweneth,1,0,1
1217622847561949185,@zCu3Hw5ypGLZZXP,1,0,0
912710899529482240,@z_znz_z,1,1,0
1186473439051354113,@zalimmie,1,0,0
1696177008,@zanzapzanzap,1,0,1
1032266110723272704,@zeusbigz,1,0,1
350147919,@whan_jeab,1,1,0
1210805294915149827,@welove_swcom,1,1,0
2287835192,@webearbearbb,1,0,1
832067115741896704,@traprasit,1,0,1
966125060,@thelegothief,1,1,0
211078681,@themonkeyriderz,1,1,0
1124150230692155392,@thethairef,1,1,0
917146267603439616,@tiadogcmu,1,0,0
299005353,@tipssad,1,1,0
971681920894435328,@tmace14,1,0,0
137538853,@tonirakkaen,1,0,0
4831286954,@u_ez20,1,0,0
1122128507767668737,@wazojubjang,1,0,0
ur+4xmELZMCISC6rXfqjSgyw+mfiZUv6gIPjtmMqyyU=,@ur+4xmELZMCISC6rXfqjSgyw+mfiZUv6gIPjtmMqyyU=,1,1,1
948825764291518464,@veda09090,1,1,0
vx6CaKfbFhGJw2w+4b1xLrYliU3LgLf0spQ7sIimym8=,@vx6CaKfbFhGJw2w+4b1xLrYliU3LgLf0spQ7sIimym8=,1,0,0
3379584499,@wangsquirtle,1,0,0
102955197,@wannsawa,1,0,1
90395664,@warmsutthi,1,1,0
385841337,@way_magazine,1,0,1
936488559661297674,@rxknaka,1,1,0
1198583746074595329,@rubyhippy,1,0,1
2611025546,@rrunggone,1,1,0
1186420437258919936,@ripthailand,1,0,6
133120472,@nolnnt,1,1,0
39515109,@noname_8,1,1,0
1021639392232763393,@nonenoh,1,1,0
1172649448465289216,@nrLIiNGV9vizVCR,1,1,0
890799964116312064,@ntp_fal,1,0,1
36745166,@ntusa,1,0,0
16299067,@nuboat,1,0,1
1202144623373602816,@nuunuii1,1,0,1
144417514,@nuzzlez,1,1,0
1094233296802787328,@nxmmzy,1,1,0
65881364,@ohwatsana,1,1,0
365473179,@oilza007,1,0,0
1138340072846061568,@onlykhunoff,1,0,1
702133461293793282,@ospreynathy,1,0,1
67076969,@oweera,1,0,1
1029300501068668928,@paisit80481025,1,1,0
949573515367235584,@paitaysika,1,1,0
2704291933,@nnnnuz,1,1,0
1117134070167662593,@nkny2562,1,1,0
1224156992014438400,@nitituy,1,1,0
563896797,@mtcfsh,1,1,0
3139861296,@mhengmama,1,1,0
1221425269392560129,@minmintori1,1,0,1
1010445590310686720,@minthira_s,1,0,1
1261575374,@mk412371,1,0,0
1180873420499611648,@molajjmolamola,1,0,1
11430852,@molek,1,1,0
1064359666728099840,@mt9397_bb,1,0,1
77701880,@mungship,1,0,1
1114837431931375616,@ngnbkk,1,0,0
2955465720,@music_mthai,1,0,1
1152371327220588544,@nS6Kv9RY0Vxa2Q2,1,1,0
1075671945205743616,@nattapongrobkob,1,1,0
1112265686963769345,@natthakarn_t,1,0,1
194073176,@newman1190,1,0,0
20545835,@newsmax,1,1,0
3320000150,@newtron_wcrp,1,1,0
774141871685677056,@paithairupkan,1,1,0
1211108354753302530,@pamuangforce,1,1,0
65541586,@panzahahaha,1,1,0
1181512987384791046,@prinbenz,1,0,1
98192337,@pooneyz,1,1,0
18081257,@pornjeds,1,1,0
1201531212256296960,@kaeobandon,1,0,1
1067817345060548608,@pprpthailand,1,0,0
154844760,@pps_onespace,1,0,1
1210569545053663232,@pqUnxEvbIUzcx1l,1,0,1
804322668950360064,@prai_sairung,1,0,1
2197629577,@punpun5364,1,1,0
379686060,@pokpck,1,0,1
1190954003804196865,@puppyyunz,1,1,0
2755375638,@pykstt,1,1,0
1191205621770539009,@qhJkBBgRgM6JLm6,1,0,1
1197968644187160576,@qxO1Ua90c1RDDQS,1,0,1
751464733396443136,@raintree_flower,1,1,0
25073877,@realDonaldTrump,1,1,0
14872237,@realmadrid,1,1,0
554492279,@pompom2510,1,0,0
956888370,@pledis_17,1,0,0
2897117454,@paranormal_2ch,1,1,0
1116883722291204096,@penguinhomeless,1,1,0
136699330,@part_3366,1,0,0
63163335,@pawarez,1,1,0
129727958,@peachsy_,1,0,1
840548226394595329,@peachypickkybu,1,0,1
796236445,@peartunwarat,1,1,0
340072432,@peepzii,1,0,1
746221244576497665,@peet_sebastian,1,1,0
1195687328649318400,@phakma1,1,1,0
88390986,@platutong,1,0,1
1042294048675979264,@phayakut5062,1,0,1
533226359,@phongphattana,1,1,0
400602397,@pingpedbuuic,1,1,0
2506306838,@pingvachir,1,1,0
1185895591139635200,@pizza_a112,1,0,1
1087294474370383872,@plaeplaza,1,0,1
82150531,@plaimanee,1,0,1
1069231665145249792,@kaeoruang,1,0,1
1179590779645227009,@b5SiMApHfDuLPbS,1,1,0
2176086638,@ka_mung,1,1,0
777534658540036096,@Min_varang,1,0,1
894831860,@MKingkarn,1,1,0
2496272180,@MP_KaiDoandMJT,1,0,1
1120890813125234688,@MTBB9397BBMT,1,1,0
3724528333,@MaewMaoo,1,0,1
70401175,@MajorGroup,1,1,0
1048899336174616576,@Malila02565976,1,1,0
1224205822105812993,@ManBreakaway,1,1,0
1001343786503426048,@Mantana22315051,1,1,0
869081114232504320,@ManushyaFdn,1,1,0
1213036180494700545,@Mario91086869,1,1,0
115604023,@MaxJenmana,1,0,0
885922401808023552,@Memorytime4,1,0,1
3313997292,@MinhoneySHOP,1,1,0
1140481020967313408,@MACCosmeticsTH,1,1,0
573605463,@MonNotMon,1,1,0
886144607666360321,@Monstergggate,1,1,0
2880729162,@MooSuraphan,1,0,1
2992350842,@MosWiriya,1,1,0
1000440616457715712,@MrSister4,1,0,1
1131453353458786304,@NBTWORLDNews,1,1,0
1949494903,@Namzii9397,1,1,0
107943578,@Nananblogblog,1,1,0
1158757023317495808,@Nattawut145,1,1,0
60024721,@Nattha_ThaiPBS,1,0,0
1013348640813826048,@NatthanOfficial,1,1,0
710334950071865345,@NattinanPompam,1,0,1
135808291,@MFAThai,1,1,0
75578038,@LoukgolfLG,1,0,1
1071838187427745792,@JustKumi_,1,0,1
406874430,@Kerymai,1,1,0
1362207890,@KIKI48_xx,1,1,0
86699051,@KL360_3TIGER,1,0,1
2267708503,@KSeriesAD,1,1,0
2781033606,@KUSEEM,1,0,1
1100006595923079169,@KY3580,1,1,0
836849650560806913,@Kachingzq,1,1,0
848006445840818176,@Kaelynhoonnie_,1,0,0
880230056,@KaiHenna,1,0,0
1132524332414980097,@Kanchit53161443,1,1,0
961851403982352385,@Karn1251,1,1,0
2872898822,@KenchanIzii,1,0,1
1899501822,@KengPongpat,1,1,0
266946216,@KhaosodOnline,1,0,1
1149659900819042304,@Lilly67551299,1,0,0
60972200,@KhunPleum,1,0,1
26736295,@Khunlom,1,0,1
57314296,@KillerPress,1,1,0
786600427403948032,@Kootsher,1,0,1
1430980567,@Korseries,1,1,0
737207096496640001,@Kunat1987Kunat,1,1,0
1216380980627329026,@KyxTt,1,1,0
379886188,@LFCDaytrippers,1,1,0
1203178770942681088,@LKwbTobbtxc8N71,1,0,1
900912271966089216,@LPhatcha,1,0,1
1093669754923933696,@LalisaJourney,1,1,0
363972381,@LaurenJauregui,1,1,0
1150748850195320832,@Ne_cha90,1,0,1
1077869372612403200,@NescafeTH,1,1,0
1214391854755565569,@NeutrogenaT,1,1,0
QoQHFrglCkmMv3AzIBNnOr1PukgBkuNnISGEUADJ6a8=,@QoQHFrglCkmMv3AzIBNnOr1PukgBkuNnISGEUADJ6a8=,1,1,0
82525850,@Por_Kero,1,1,0
742306616926568448,@Potter16365975,1,1,0
301933967,@PouYingluck,1,0,0
1179583434785558528,@PowerD73080395,1,1,0
2169634933,@Prapapoom,1,0,1
1148261864725311488,@Prasertofficial,1,0,0
306804514,@Prasong_lert,1,1,0
58757348,@PuneTreerat,1,0,0
1186583448028237824,@Punzaa5,1,1,0
80747501,@Puppylove999,1,0,1
Q5yrbHpafT9HgrFOyoC2nW0LZo2WCt4eLdJgNATyrEU=,@Q5yrbHpafT9HgrFOyoC2nW0LZo2WCt4eLdJgNATyrEU=,1,1,0
1171063205893832704,@QGXJeiJ0K5ZzFsJ,1,0,1
230904531,@RNAchai,1,0,1
1209009074269872128,@Nll7x8TgpPCeXmm,1,1,0
1173516169145307137,@RTARF_PR,1,1,0
572280979,@RTE_Seoul,1,1,0
1163301291067527168,@Rachadaspoke,1,0,0
980264051270828033,@RatchaneeTNN,1,1,0
14872237,@RealMadrid,1,0,0
2477011356,@Real_tanny1,1,0,1
2891123297,@RechesReport,1,1,0
2526245142,@Rhythmlyn,1,0,1
RuevkISURxn7iI5kcJyOr30GLIUqCBgNnUZGxM2NmyA=,@RuevkISURxn7iI5kcJyOr30GLIUqCBgNnUZGxM2NmyA=,1,1,0
269931003,@SAHINOP,1,1,0
23922797,@SCMPNews,1,0,1
953167075337420800,@SNAILWHITE_TH,1,1,0
190334939,@PongNawat,1,0,0
324322422,@PlobJai,1,1,0
198423891,@Pleng_Cm,1,1,0
1422812138,@Pitchaya79,1,0,1
874818048099721216,@NnnMaria1990,1,0,1
1073620604350124032,@NongMiewwww,1,0,1
1183549252976300033,@Nonna91788980,1,0,1
10965862,@Noterious,1,1,0
2406876248,@Nt2012Nut,1,0,1
146711688,@NuJiji,1,0,1
1002960639499726849,@Numwhan93240567,1,1,0
2326044848,@Nut_Danai,1,0,1
870632436186570752,@NuttaaBow,1,1,0
1140069220144709632,@PHY17598951,1,0,1
825740795860836353,@PINKPILA30,1,0,1
194467401,@PR_RID,1,1,0
219183475,@PR_dmh,1,1,0
35173916,@Pach111,1,1,0
68669279,@PattieUng,1,0,0
781092881108832256,@Patty47296617,1,0,1
1196638272660705280,@Pechprang1,1,0,1
911963977277521921,@Pentargronic,1,0,1
1064771732500705280,@Pheerawat14,1,0,1
1122850143898701824,@PimkarnKiratiw1,1,0,1
1208713584366084096,@Pimmii27544166,1,0,1
1225312244,@Pinitvit,1,0,1
1029323340211675137,@Pinku99H,1,1,0
143688971,@Pipoauh,1,0,0
844093010,@PirkkaTapiola,1,0,0
1138035337584713729,@K99378199,1,0,1
1157623121383309313,@Joopby11,1,0,1
1214377070047854592,@SVongsaroj,1,0,1
290629665,@BradMAdams,1,0,0
1111056298156523520,@Asira59881,1,0,1
1191720706200895498,@BABY_OMG_555,1,0,1
806740320704598017,@BENJAMINT1N,1,0,0
78030114,@BKK_BEST,1,1,0
894537112225067008,@BT21_,1,1,0
975808063952179200,@Babycarroteiei,1,0,1
1092109599790923776,@BananaBoatTh,1,1,0
4695458371,@Banknamekuji,1,1,0
2232426158,@BeautyDiaryNews,1,0,1
1138987250530656257,@Blakcfalcon,1,0,0
3040810154,@Bluefoxsk,1,0,0
919938027106865153,@BnbNMng,1,0,1
456651680,@Bright18557,1,0,1
1186318546319462400,@AnuchaSrihera10,1,0,1
1117581462696448000,@BukhoreeSanuwo1,1,0,1
88848391,@BumrungradH,1,1,0
1115874631,@CGTNOfficial,1,1,0
94991299,@CHAYUTTI,1,1,0
759251,@CNN,1,1,0
15203904,@CelticFC,1,0,0
15341295,@Ch7HD,1,1,0
397109184,@ChangeAus,1,0,0
1187693643529740289,@CheNeverdie007,1,1,0
353724751,@Cherry09_1994,1,0,1
3712487892,@ChumchuenA,1,1,0
878747800099409920,@Comeasyouare_Vx,1,0,0
147853831,@Aormortor,1,0,1
311224048,@AmmyMurder,1,1,0
742292935035617282,@JoeChonlawit,1,0,1
1105126319543578625,@555g5DbjG3y3s5g,1,0,0
1111483170673692672,@00Iti6mPf66djCG,1,1,0
980425974700417024,@0904nmyr,1,1,0
955092794250416128,@185coolkid,1,0,1
3578449512,@1DevDiv,1,1,0
iwJpk0SMbnw7WmWVi371BL3432bFFk898LTbWPSTIhY=,@2UxYx3EetLr5o072x2DpavfZED0gLOgZpZfeAy3awA=68,1,1,0
993584428093001728,@2nV99zt2Kgx4Eea,1,0,1
1128067954023682048,@300590090389yt,1,1,0
900375990911746048,@3KRWMMbZhpuPoNX,1,1,0
3TWe5t3x+KzugvM0t1RQxh87njDVpOkT4nNH9iQglzY=,@3TWe5t3x+KzugvM0t1RQxh87njDVpOkT4nNH9iQglzY=,1,1,0
1012219145453068289,@3xyZNKEO9sfe0eb,1,1,0
1208965397359104000,@4Wy5RILWlKprldC,1,0,1
4oEH157g9TTUd+8b8hHRNIPTN7CZmDkIs69Iec9BCEw=,@4oEH157g9TTUd+8b8hHRNIPTN7CZmDkIs69Iec9BCEw=,1,1,0
6W0vM633N2rUWikcG381yg6HG41NB2eaFQurqkQ8344=,@6W0vM633N2rUWikcG381yg6HG41NB2eaFQurqkQ8344=,1,1,0
425099231,@Amaylizm,1,0,0
1179590714197299200,@7ePRdOseB82bdqw,1,1,0
87385318,@APrommajohn,1,0,0
AQjMEns9PL+qNLi+kFP3D4lI1kLgTPGrjf+vpwkwc2g=,@AQjMEns9PL+qNLi+kFP3D4lI1kLgTPGrjf+vpwkwc2g=,1,1,0
1166526163855925248,@AS3qUjWX6cO0lq7,1,0,1
2541585619,@ASophaphon,1,0,0
1152518679231254528,@AW55001,1,0,1
217869888,@A_Kawin,1,0,1
31145593,@Ajbomb,1,0,1
963792378250211328,@Alisachaletcha1,1,0,1
27776098,@AllyBrooke,1,1,0
377986411,@AloneporD,1,1,0
1112702867620532224,@Am_NaphatXPS,1,0,1
1067147839778607104,@Compang3,1,0,1
3633891734,@CoollerJam,1,1,0
119319716,@DGAThailand,1,1,0
1086087914105106432,@InLinny,1,0,0
130394524,@HappinessJessie,1,1,0
267824562,@HardCoreMody,1,1,0
1215967757549756416,@HauraKasidit,1,1,0
4268243919,@HetrixTools,1,1,0
1206829488379592704,@HimawariJapa,1,0,1
1064291656457838592,@HoaJuy,1,0,1
2245439960,@HollyFang,1,1,0
15825547,@IEEESpectrum,1,0,0
22832997,@IEEEXplore,1,1,0
751425708,@INKSSAD,1,1,0
348087292,@Ibah_Zhu,1,0,1
195240429,@IcexyJ,1,0,1
1219935771378905089,@Ing44516054,1,0,1
1081421253624266753,@DRRAA7,1,0,1
1145980629122609152,@IphoneMesa,1,1,0
50839570,@JEDIYUTH,1,0,1
1111655768170717189,@JKJintanaK,1,1,0
878253877333696513,@JML8ql4lTO2xKpk,1,1,0
1033152632527892480,@JacksonWang852,1,1,0
215983021,@JahViiGG,1,0,1
923791770432847873,@James_Talatron,1,0,1
84308740,@JaneZealot,1,0,1
1205357400087121921,@Jate26077152,1,0,1
27254846,@JesJueJang,1,1,0
209065886,@JiBb_SomwaN,1,1,0
1032257401313943552,@Joe78915,1,1,0
1191986743286751232,@HannahM15003013,1,0,0
1138430379751161856,@HAMA83837526,1,0,0
1225792156171816961,@HAEM_CHANASIT,1,0,1
1223156095197167616,@GwrThailand,1,1,0
187431544,@Dafabet,1,1,0
1176315412830507008,@Daraonline1,1,0,1
396414373,@Dekchaikumkom,1,0,0
1139342118357311488,@DemocrazySiam,1,0,1
1180889525263818752,@Dogdog90055018,1,0,1
72322095,@Dont_Bother__me,1,0,1
2801598835,@DrCharanLive,1,0,1
299550942,@Dreamocrazy,1,1,0
24631872,@DuangritBunnag,1,0,1
347092820,@EUinThailand,1,0,0
907942591248789505,@Ekiko9,1,1,0
1211104243056144385,@Engineer18273,1,1,0
1222772047224262656,@ExChef14,1,1,0
31115251,@FeiZV,1,0,1
820553530893213696,@Fern_Psychosis,1,0,1
104794323,@FilmRattapoom,1,0,0
1170674347020673025,@FonSK12,1,1,0
1159450232599404544,@Fongbeer1008,1,0,1
576931098,@Freetimesurin,1,0,1
207003935,@Freiheit_NHLC,1,0,1
125902776,@GCC_1111,1,1,0
4655242273,@GeGeeChk,1,0,1
1118393314833600512,@Got7Markbam71,1,1,0
1006419421244678144,@GretaThunberg,1,1,0
1213481427666227201,@Grilledpork_18,1,0,1
184646812,@SONPThai,1,0,0
1062261716707291136,@SW67536632,1,0,1
300098951,@kWANUCH,1,0,1
1178898176964624384,@epPa6yoQ7IGbW81,1,1,0
1103913824636137479,@dimmeddown,1,1,0
1050118769538818048,@dionyxvs,1,1,0
1169066596410609664,@dkouJYKXkPLmd03,1,0,1
65330183,@dlamchan,1,1,0
418138844,@doctarm,1,0,1
1261597476,@drsupin,1,0,0
60574861,@dtac,1,1,0
251518534,@e22ist,1,1,0
846209651423166464,@e_ya_wa,1,1,0
2954380704,@efangefang,1,1,0
3370518494,@eji6009,1,0,1
138356573,@envi_avatar,1,1,0
388180138,@eves_numtarn,1,1,0
949865964878798848,@deejai_punikar,1,0,1
1201708186194997249,@f6yKWNclb9iNBNx,1,0,0
845084653,@fairzs,1,1,0
60043368,@fameisawara,1,1,0
182714311,@fatfarng,1,1,0
1221856220174139393,@fernfinzzz,1,0,1
1097109454913384448,@findfactsforfun,1,0,1
736612344952848385,@finlandyz,1,1,0
2788171194,@fittuajoon,1,1,0
199540247,@fome_tk,1,0,1
75185346,@foongstudio,1,1,0
1113438126708539393,@for_real_TH,1,1,0
101193076,@forzzilla,1,0,0
1009605048509202432,@deemthai,1,1,0
3191593165,@dbmuah,1,1,0
2927464184,@c72b7dbff318414,1,0,1
78486787,@chinsparktech,1,1,0
1199681835438968832,@cav2div,1,1,0
1216303611820433409,@cdph9905,1,1,0
1191167701109993472,@chakkrok,1,0,1
104848875,@chalanlala,1,1,0
85984377,@chalidaporn,1,0,1
1061538736649863168,@chan_pra,1,0,1
957779174726356992,@charoenpura,1,0,0
253130316,@chaya_swc,1,1,0
992286254837391361,@chayap16,1,1,0
150135909,@chchchmmmmm,1,0,1
869802045250732032,@chermetxbnk48,1,1,0
1118527803534667776,@chillvieww,1,1,0
1205874145080143873,@chochercher,1,1,0
64255552,@dan_worrawech,1,1,0
2185553887,@chocofah,1,1,0
123529004,@chocoopal,1,0,1
834240796295520256,@chuanpiaoliang,1,0,1
838384618013245440,@chubbycatpat,1,1,0
711222107363934208,@cinnaoum_,1,0,1
73616246,@clairejiras,1,1,0
1192266532912431105,@cmXoqGQ74ypBUsX,1,0,1
2519971784,@cmn_gm,1,0,1
994235916557344768,@crazygenix,1,0,1
2320457556,@ctrmcot,1,1,0
cv6kMfk61MZPhpya+NcppZiKIPeIQ9IGn7UgQdOMz7g=,@cv6kMfk61MZPhpya+NcppZiKIPeIQ9IGn7UgQdOMz7g=,1,1,0
145931392,@dailynewstwit,1,0,4
147446101,@fridayokaeri,1,0,1
896778691954434048,@fyserias,1,0,1
1223214664554663936,@gLzmsbIdq3Y9o6y,1,0,1
2228379030,@janeji9,1,1,0
624517612,@incredibleindia,1,1,0
69601558,@infinitymymen,1,0,1
521876913,@innercirphix,1,0,1
2515217696,@inosyguy,1,0,1
2437937630,@iteration101,1,0,1
83445108,@itsMePorpla,1,0,0
1225663186860331009,@jXIKygLmwEimNcl,1,1,0
1076818087624663046,@j_titiworrada,1,1,0
1152429248667254785,@jabkk2,1,0,0
348897168,@jackie14AP,1,0,1
94780902,@jajaanara,1,0,1
1577471852,@jamyjamess,1,1,0
1095914735701114882,@janenana_,1,0,1
876336274910494720,@g_dtud8,1,0,0
1022761679132606464,@japanpnk,1,0,1
260050537,@jawnangnoy,1,0,1
1208452136004018177,@jengtieow,1,1,0
3233087359,@jeperdslatete,1,0,1
66640892,@jjWatcharin,1,1,0
822795017471201280,@jjjellybeannn,1,1,0
749958225638764544,@jmtuankpimuk_,1,1,0
1150307172825194496,@jn1JNuwXjga3JUG,1,0,0
58032313,@judgejudd,1,1,0
jy45mVF5TyWoDmQSyEADONe1jlVBKByb3QZeEMx1Vk=,@jy45mVF5TyWoDmQSyEADONe1jlVBKByb3QZeEMx1Vk=,1,0,1
kDZ+CvwmOPX33H1vdTA7LBtP76VdiIfcYAHqdOcAwE=,@kDZ+CvwmOPX33H1vdTA7LBtP76VdiIfcYAHqdOcAwE=,1,1,0
kSoeM3xHxQ93LzAfBjLieWet+kFokr7Ll1L6mHD7M0=,@kSoeM3xHxQ93LzAfBjLieWet+kFokr7Ll1L6mHD7M0=,1,0,1
66971897,@imtaiki,1,1,0
1227666865226280960,@imaris_imaris,1,0,1
1104366827621167109,@ilovecha1,1,1,0
820585259519512576,@ignore121231212,1,1,0
1130285891493122048,@gangster_th,1,0,1
2853045643,@ger_slagger,1,1,0
476370421,@getawaywizchoco,1,1,0
1092332268016742400,@getoute,1,0,1
1220256268650041345,@gjfiF4g8rNkirV0,1,0,1
2943973662,@gmm25news,1,0,0
1101862991002198021,@golferic1,1,1,0
1103855638583496704,@golffy59657800,1,0,1
301920876,@gr8estkk,1,1,0
229508954,@gracebaekj,1,1,0
14865506,@gunmano,1,1,0
1224237823068274688,@gunnanthawat292,1,1,0
1169833626000736257,@hRkdC5uGss4a97v,1,1,0
1172065870102716416,@hamuhamoo1,1,1,0
hcOE2sGSN6uE9io+AM1xTVP0uAjlcjKAnuJTYZ8Rhus=,@hcOE2sGSN6uE9io+AM1xTVP0uAjlcjKAnuJTYZ8Rhus=,1,1,0
1033761497837580288,@hedgehogkkk,1,0,1
2597865564,@hellofungjai,1,1,0
1171448545091538945,@himawar09024052,1,1,0
2438084936,@holeinone_one,1,1,0
14700316,@hrw,1,0,0
1106033346881024000,@huhahuhuhahu,1,1,0
430472422,@hukung1,1,0,1
317610307,@icesarunyu,1,0,0
1202901147960270849,@ictr8,1,1,0
352869254,@ifernweh,1,1,0
938637476,@cartoon__tb,1,1,0
1148265144570351616,@byeslim,1,0,1
4605380599,@S_siwa_BP,1,1,0
1223136897041453056,@Thunyal07,1,1,0
3104748320,@Tangtong9,1,0,0
827381987803410432,@Teirrabyte,1,0,1
95372258,@ThaiRedCross,1,1,0
1195202587915538433,@ThailandGCMI,1,0,3
202105105,@Thailand_Post,1,1,0
56982023,@ThaksinLive,1,0,0
131398862,@ThanawatLive,1,1,0
5988062,@TheEconomist,1,1,0
2835508021,@TheFaceThailand,1,0,0
144720650,@TheMallThailand,1,1,0
797475631625707520,@TheMoviesRain,1,1,0
1172871771667587079,@ThitipornChant1,1,0,0
916849749742858240,@Todsu21,1,1,0
3275069460,@Taen_AB,1,0,1
1240740968,@ToffieOohlala,1,0,0
1070145237748613121,@TthiwalradaK,1,1,0
1201835306757980163,@TtpBPzbEUNhOo4E,1,0,1
1038412452428275713,@UJcWbO7B5qPVtny,1,0,1
32358944,@USACAPOC,1,0,0
1213257390709075968,@U_NanNanNa,1,0,1
787341766504484864,@UnixFT,1,1,0
112934619,@Uthaisangsuk,1,1,0
1220058534261346304,@Uwv0De2GTa3u8hw,1,0,1
VPLMMohK0ccj+ihN2p0yUObqcbt8xpFojrgrJLMn5I=,@VPLMMohK0ccj+ihN2p0yUObqcbt8xpFojrgrJLMn5I=,1,1,0
372795992,@Vajrakorn,1,0,1
2893511188,@VancityReynolds,1,1,0
1094544376414404609,@TaiFahDeowGun,1,0,1
735194208034639872,@TaaaToo94,1,0,1
274987077,@bubupearr,1,1,0
760905019,@SkyyMorning,1,1,0
869820795182227456,@Sahira1411,1,1,0
957238195632029696,@Sarin902014,1,0,0
1106481706951823360,@SaveBiwty,1,0,1
752857720215048192,@SayCoolEnglish,1,1,0
873808945235714048,@Seennan12,1,0,1
75507238,@SekSamyan,1,0,1
193191708,@SexyOyster,1,0,1
499039827,@ShawnLevyDirect,1,1,0
84804216,@SingtoNumchok,1,0,0
865808148908593152,@Singtofc_Th,1,0,1
1666669796,@Sirinya_TRnews,1,0,1
1179434420849086464,@SixHeart2,1,0,0
1161283703831695360,@Somsak75914730,1,0,1
85252516,@T_HanabiNatsu_T,1,0,1
1217308451845443584,@Soulkeepper2020,1,0,1
61982054,@Spicy3000,1,1,0
SsDx4lv61H2kDWRAhydWAjUfEvAyfux0pk9oViyqLw=,@SsDx4lv61H2kDWRAhydWAjUfEvAyfux0pk9oViyqLw=,1,1,0
1213016812364820481,@Star11182,1,1,0
1123001293717495808,@StopCredulity,1,1,0
1021067082392203264,@SunSnap_ss,1,1,0
885188826754277376,@SunnyDulac,1,1,0
1433077110,@Sunpatong,1,1,0
1201758095505903617,@Surat29012075,1,0,1
1050299681610158080,@SuratSodsangsuk,1,1,0
140497352,@TINExBLINK,1,1,0
TYxuiHMd77NEpR6VdwKNa542Dan3T9UlApmkb+VWAV0=,@TYxuiHMd77NEpR6VdwKNa542Dan3T9UlApmkb+VWAV0=,1,1,2
3046383925,@Vangulion,1,1,0
1134350511186989056,@WPumjitr,1,1,0
66301173,@WSIJ20,1,1,4
3140489294,@bankstory03,1,1,0
1181472135115497472,@ascom2army2,1,1,0
766936328265007104,@attention888,1,0,1
14856102,@atthasit,1,0,1
1417340209,@aum_saum,1,1,0
67805213,@aunkrublive,1,0,1
1176013969665847297,@007utramate,1,0,0
756680677320298496,@babynaryean,1,1,0
1195202587915538433,@backtobulldozer,1,0,3
4916547860,@baconwithme_,1,0,0
845160678914646016,@baisri0318,1,0,1
1219967659560718336,@banana_naaka,1,0,1
2305023836,@bancha333,1,0,1
1119239593469956097,@banphaikub03,1,0,1
1224157807005462529,@Wetagoooo,1,0,0
1210767965387284481,@battalion2nd,1,1,0
903158838911672320,@bb_oo_mm_,1,0,1
174173246,@bellyinsmile,1,1,0
1034415756,@berbirdy,1,0,1
87611421,@birdpukong,1,0,1
368095714,@blackdog_nunu,1,1,0
326612319,@bnasae,1,1,0
1119480011981856769,@bpbpbtbt,1,0,1
1217328105087328257,@breakfasttime__,1,1,0
15629639,@brown_sucre,1,1,0
154782666,@bsilawong,1,0,1
132570684,@btsskytrain,1,0,0
90800471,@artypj,1,0,1
79940369,@arjinjonathan,1,0,1
1129691590610411521,@arixfavboy,1,1,0
1107334928981585920,@anona_ava,1,1,0
4025627714,@Windywinder_J,1,1,0
362986690,@WinterSebbyhc,1,0,1
143345324,@Woody754,1,0,1
1087021450144305153,@XXpanties,1,0,1
3159396158,@Yo_Kanakorn,1,0,1
1202186852070875136,@YooU30627104,1,0,0
788320261707669508,@YoshiOhbaya,1,1,0
1195881821747077120,@Zxcvbnmjt,1,0,1
86466756,@__Kaofang,1,0,1
1023120790248509440,@_bbaekmylight,1,1,0
1273775262,@_hopehopes,1,1,0
1075939624076304384,@aag_th,1,1,0
722291231309430784,@abnormalmanz,1,0,1
1126050743654338562,@aektesto,1,1,0
895285510930812929,@akiyoxanrijung,1,1,0
729340415715905537,@alanwangjunior,1,0,1
1166582287041007617,@alin_ford,1,0,1
377986411,@alonepord,1,1,0
1152889962078978048,@alwayssupportU,1,1,0
2473778106,@amarintvhd,1,1,0
14740219,@amazonmusic,1,0,0
4203230773,@amirah_mara,1,0,1
1052156140862156800,@amm0186,1,0,1
35689802,@andrewbiggs,1,0,1
1185475916689854464,@angtigre1,1,0,1
1177152435334201344,@zzzxpz,1,0,1
